H	WHO WANTS TO BE A MOSTAZAF?
H	NEITHER EAST NOR BEST
H	VETTING FOR GODOT
S	ALL THE PRESIDENT'S MULLAHS
S	DR. STRANGE-WALTZ
H	THE INVISIBLE HAND OF DETERRENCE
G	PROVINCIAL MATTERS
H	TONGUE TIED IN TEHRAN
S	MAXIMUM PRESSURE, MINIMUM WAGE
S	GANDO WITH THE WIND
H	A VEIL OF TWO CITIES
S	FATWAS & FALLOPIAN TUBES
S	WHITE REVOLUTION, RED INK
S	FIVE STAGES OF GRIEF & REVOLUTION
S	ROMANCING THE REVOLUTION
S	EAST OF EDEN, WEST OF REASON
H	POST-WAR DISTRESS SYNDROME
H	MINORITY RETORT
S	SUBCONTRACT KILLERS
H	ZEAL OR NO ZEAL
H	HEROIC FLEXIBILITY EXERCISES
H	SAVING PRIVATE ASSAD
H	PASDARAN OF THE GALAXY
H	BOOTS, BEARDS & BANISADR
H	PROXIES AND CONS
H	THE TAIL WAGS THE TEHRAN
H	THE WHEELS ON THE BUS GO HALAL
C	DIVIDE & CARTOGRAPH
S	SANCTIONS AND SENSIBILITY
H	DEVOTION & DEVICES
H	LET THEM EAT ARMS
S	HIGHWAY TO DAMASCUS
S	THE JANUS OF TEHRAN
H	FROM TYRE TO TEHRAN
H	THE POPE OF POPULISM
H	RAMHORMOZ AND CONFUSED
C	ONE NATION UNDER PERSIAN
P	RISING LIONS, FALLING MISSILES
S	THE SOCIALIZATION NETWORK
H	ALIGNED, SEALED, DELIVERED
S	PRIDE AND PRECARITY
H	THE BAZAAR AND THE BARRICADE
S	BALLOTS AND BARRICADES
S	CROSSING THE CHADOR LINE
S	DIPLOMACY IN HEELS
H	THE RIGHT TO THE SEAT
H	WHERE IS MY VOTE, DUDE?
H	A BRIDGE TOO CHARISMATIC
S	TIE-DYED IN THE REVOLUTION
H	POISON CHALICE, EMPTY PALACE
C	LOST IN MISREPRESENTATION
S	PROXY MUSIC
H	ASSEMBLY REQUIRED
H	STRIKE WHILE THE OIL IS COLD
C	THE GRAMMAR OF RESISTANCE
H	STRAIT OUTTA YEMEN
G	A TALE OF TWO PERIPHERIES
S	AUSTERITY AT GROUND ZERO
H	BRIDGES OF KHUZESTAN COUNTY
H	NO COUNTRY FOR OLD KHANS
S	WHOSE REGIME IS IT ANYWAY?
S	THE SECOND STEP SHUFFLE
C	FOUCAULT AROUND AND FIND OUT
S	NEITHER EAST NOR WESTERN UNION
H	GUERRILLAS IN OUR MIDST
H	KHATAM AND COMMAND
G	THE CHADOR BOMB SQUAD
S	EGGS, STONES & DOLLAR LOANS
H	EIGHTH IMAM, FIRST VICTORY
H	HIGHWAY TO JERUSALEM
H	BULLDOZERS IN THE BOG
H	A FACTION OF SECONDS
P	NO KING FOR A DAY
S	TURBAN RENEWAL
C	EXPEDIENCY IS THE BEST POLICY
H	GUARDIAN ANGLES
G	SURVEY SAYS: AQVAM
G	LUR LUR LAND
S	WALTZING WITH ATOMS
S	SHOCK THERAPY, NO CHASER
S	PHARMACEUTICAL ILL-WILL
S	PANIC AT THE GROCERY
C	TWO IS A CROWD
S	HEALTH HOUSES OF CARDS
C	SHRINE ON YOU CRAZY DIAMOND
H	KREMLIN IN THE COALITION
H	SHADOW COMMANDER IN CHIEF
H	DISCOURSE WITH THE DEVIL
C	ASSEMBLY REQUIRED II
S	DEPUTY OF DISCONTENT
H	PRIME MINISTERS ANONYMOUS
H	LINZ WITH A TWIST
S	CRUDE AWAKENINGS
H	KOMITEH TO MEMORY
H	WORKERS OF THE REVOLUTION, UNITE!
H	BREAD, BARRACKS & BURNOUT
H	NEUTRALITY HAS ITS PERKS
S	THE SATANIC DISMISSAL
H	HEZBOLLAH'S WINNING HAND
H	NEITHER PROXIES NOR PEONS
H	A CHAIN REACTION IN TEHRAN
S	ACTIVISM AS USUAL
S	KAHRIZAK AND RUIN
S	GUARDIANS OF THE STATUS QUO
S	BONYAD EMPIRES AND PARALAWS
S	THE MOBIN DISCONNECTION
H	CONTRACTS AND COLD WATER
S	TRANSNATIONAL GUERRILLAS IN THE MIST
H	THE JIHAD OF BRICK AND MORTAR
S	KHOMEINISM AND ITS DISCONTENTS
S	WHEN KHOMEINI MET MOLKARA
S	PARK LIFE UNDER PATRIARCHY
H	THE BOMB ACCORDING TO WALTZ
H	KOMITEHS OF THE ROUND TABLE
S	SANCTIONS IN THE KITCHEN
H	THE PROXY PARADOX
H	TRUE PROMISE, REAL HEADACHE
S	IMPROV AT THE MINISTRY
S	JUSTICE FOR SOME SHARES
H	THE DIALOGUE OF THE DEAF
S	DISCOURSE OF DISDAIN
G	THE ARDABIL MANEUVER
H	REVOLUTION IN ONE ROOM
G	THE BALUCHI DIVIDE
S	FAMILY PLANNING, MULLAH STYLE
S	THE STATUS ANXIETY OF TEHRAN
H	NEOLIBERAL NIGHTMARES IN MASHHAD
H	MAKTABI VS EXPERT
H	MOTHERS OF THE CITADEL
S	NON-ALIGNED AND NON-COMMITTED
H	ANATOMY OF A TEHRAN BARRICADE
S	THE CASPIAN EQUATION
H	THE RATION BOOK BLUES
S	THE SANCTIONS PROFITEERS
H	SHI'A GEOPOLITICS GOES ARABIC
S	CONSPIRACY AND COGNITION
S	ETHNIC LINES IN THE OIL FIELDS
S	REPUBLICAN CLOTH, CLERICAL THREADS
