P	A CHAIN REACTION IN TEHRAN
G	A TALE OF TWO PERIPHERIES
S	A VEIL OF TWO CITIES
S	ACTIVISM AS USUAL
H	ANATOMY OF A TEHRAN BARRICADE
H	ASSEMBLY REQUIRED
H	ASSEMBLY REQUIRED II
S	BONYAD EMPIRES AND PARALAWS
H	BRIDGES OF KHUZESTAN COUNTY
H	BULLDOZERS IN THE BOG
S	CONTRACTS AND COLD WATER
H	CRUDE AWAKENINGS
S	DIPLOMACY IN HEELS
S	DISCOURSE OF DISDAIN
S	DR. STRANGE-WALTZ
H	EIGHTH IMAM, FIRST VICTORY
C	EXPEDIENCY IS THE BEST POLICY
C	FOUCAULT AROUND AND FIND OUT
H	GUERRILLAS IN OUR MIDST
S	HEROIC FLEXIBILITY EXERCISES
S	HEZBOLLAH'S WINNING HAND
S	JUSTICE FOR SOME SHARES
C	KHOMEINISM AND ITS DISCONTENTS
H	LET THEM EAT ARMS
S	LOST IN MISREPRESENTATION
S	MAXIMUM PRESSURE, MINIMUM WAGE
S	MOTHERS OF THE CITADEL
S	NEUTRALITY HAS ITS PERKS
C	NO KING FOR A DAY
S	NON-ALIGNED AND NON-COMMITTED
S	ONE NATION UNDER PERSIAN
S	PARK LIFE UNDER PATRIARCHY
H	PASDARAN OF THE GALAXY
S	PHARMACEUTICAL ILL-WILL
H	POST-WAR DISTRESS SYNDROME
S	PRIDE AND PRECARITY
H	PRIME MINISTERS ANONYMOUS
G	PROVINCIAL MATTERS
S	PROXIES AND CONS
H	REVOLUTION IN ONE ROOM
S	ROMANCING THE REVOLUTION
S	SANCTIONS AND SENSIBILITY
S	SHADOW COMMANDER IN CHIEF
S	SHRINE ON YOU CRAZY DIAMOND
S	SUBCONTRACT KILLERS
S	SURVEY SAYS: AQVAM
G	THE ARDABIL MANEUVER
H	THE BAZAAR AND THE BARRICADE
S	THE BOMB ACCORDING TO WALTZ
G	THE CASPIAN EQUATION
S	THE CHADOR BOMB SQUAD
S	THE DIALOGUE OF THE DEAF
S	THE GRAMMAR OF RESISTANCE
S	THE JANUS OF TEHRAN
H	THE JIHAD OF BRICK AND MORTAR
C	THE POPE OF POPULISM
H	THE RATION BOOK BLUES
S	THE SOCIALIZATION NETWORK
S	THE WHEELS ON THE BUS GO HALAL
C	TIE-DYED IN THE REVOLUTION
S	TWO IS A CROWD
S	VETTING FOR GODOT
S	WALTZING WITH ATOMS
C	WHEN KHOMEINI MET MOLKARA
S	WHERE IS MY VOTE, DUDE?
H	WHITE REVOLUTION, RED INK
C	WHO WANTS TO BE A MOSTAZAF?
S	WHOSE REGIME IS IT ANYWAY?
H	WORKERS OF THE REVOLUTION, UNITE!
H	A BRIDGE TOO CHARISMATIC
H	A FACTION OF SECONDS
S	ALIGNED, SEALED, DELIVERED
S	ALL THE PRESIDENT'S MULLAHS
S	AUSTERITY AT GROUND ZERO
S	BALLOTS AND BARRICADES
H	BOOTS, BEARDS & BANISADR
H	BREAD, BARRACKS & BURNOUT
C	CONSPIRACY AND COGNITION
S	CROSSING THE CHADOR LINE
H	DEPUTY OF DISCONTENT
S	DEVOTION & DEVICES
S	DISCOURSE WITH THE DEVIL
S	DIVIDE & CARTOGRAPH
S	EAST OF EDEN, WEST OF REASON
S	EGGS, STONES & DOLLAR LOANS
S	ETHNIC LINES IN THE OIL FIELDS
S	FAMILY PLANNING, MULLAH STYLE
C	FATWAS & FALLOPIAN TUBES
H	FIVE STAGES OF GRIEF & REVOLUTION
H	FROM TYRE TO TEHRAN
S	GANDO WITH THE WIND
C	GUARDIAN ANGLES
S	GUARDIANS OF THE STATUS QUO
C	HEALTH HOUSES OF CARDS
S	HIGHWAY TO DAMASCUS
H	HIGHWAY TO JERUSALEM
S	IMPROV AT THE MINISTRY
S	KAHRIZAK AND RUIN
S	KHATAM AND COMMAND
H	KOMITEH TO MEMORY
H	KOMITEHS OF THE ROUND TABLE
S	KREMLIN IN THE COALITION
S	LINZ WITH A TWIST
S	LUR LUR LAND
H	MAKTABI VS EXPERT
S	MINORITY RETORT
S	NEITHER EAST NOR BEST
S	NEITHER EAST NOR WESTERN UNION
S	NEITHER PROXIES NOR PEONS
S	NEOLIBERAL NIGHTMARES IN MASHHAD
S	NO COUNTRY FOR OLD KHANS
S	PANIC AT THE GROCERY
H	POISON CHALICE, EMPTY PALACE
S	PROXY MUSIC
S	RAMHORMOZ AND CONFUSED
S	REPUBLICAN CLOTH, CLERICAL THREADS
S	RISING LIONS, FALLING MISSILES
S	SANCTIONS IN THE KITCHEN
S	SAVING PRIVATE ASSAD
S	SHI'A GEOPOLITICS GOES ARABIC
S	SHOCK THERAPY, NO CHASER
S	STRAIT OUTTA YEMEN
H	STRIKE WHILE THE OIL IS COLD
S	THE BALUCHI DIVIDE
S	THE INVISIBLE HAND OF DETERRENCE
S	THE MOBIN DISCONNECTION
S	THE PROXY PARADOX
S	THE RIGHT TO THE SEAT
S	THE SANCTIONS PROFITEERS
S	THE SATANIC DISMISSAL
S	THE SECOND STEP SHUFFLE
S	THE STATUS ANXIETY OF TEHRAN
S	THE TAIL WAGS THE TEHRAN
S	TONGUE TIED IN TEHRAN
H	TRANSNATIONAL GUERRILLAS IN THE MIST
S	TRUE PROMISE, REAL HEADACHE
C	TURBAN RENEWAL
H	ZEAL OR NO ZEAL
